epoch,learning_rate,step,training_auroc,training_domain_balanced_blend,training_domain_balanced_loss,training_loss,training_source_loss,training_total_loss,validation_auroc,validation_loss
0,,9,,,,,,,0.5051155686378479,0.6949667930603027
0,4.000507033197209e-06,9,0.5142310261726379,0.5,0.6939630508422852,0.6933762431144714,0.6933762431144714,0.6933762431144714,,
1,,19,,,,,,,0.5129783749580383,0.6940528750419617
1,4.0182458178605884e-06,19,0.5223305225372314,0.5,0.6929242610931396,0.6929349303245544,0.6929349303245544,0.6929349303245544,,
2,,29,,,,,,,0.5207464694976807,0.6931368112564087
2,4.069424903718755e-06,29,0.5729855895042419,0.5,0.690243124961853,0.6898483037948608,0.6898483037948608,0.6898483037948608,,
3,,39,,,,,,,0.5236831903457642,0.6927566528320312
3,4.154007001488935e-06,39,0.5536160469055176,0.5,0.6907959580421448,0.6905555129051208,0.6905555129051208,0.6905555129051208,,
4,,49,,,,,,,0.5242515802383423,0.6919280886650085
4,4.271933448762866e-06,49,0.5859065651893616,0.5,0.6886399984359741,0.6880764961242676,0.6880764961242676,0.6880764961242676,,
5,,59,,,,,,,0.5300303101539612,0.6907282471656799
5,4.4231233005120885e-06,59,0.5797810554504395,0.5,0.6890438199043274,0.6888598799705505,0.6888598799705505,0.6888598799705505,,
6,,69,,,,,,,0.5324933528900146,0.6899568438529968
6,4.607469236361794e-06,69,0.5640724897384644,0.5,0.6887521743774414,0.6888152360916138,0.6888152360916138,0.6888152360916138,,
7,,79,,,,,,,0.5330617427825928,0.6885342597961426
7,4.8248443818010855e-06,79,0.5582820177078247,0.5,0.6907634735107422,0.6904026865959167,0.6904026865959167,0.6904026865959167,,
8,,89,,,,,,,0.5357142686843872,0.6871604919433594
8,5.075095941720065e-06,89,0.5727553367614746,0.5,0.6896550059318542,0.6893834471702576,0.6893834471702576,0.6893834471702576,,
9,,99,,,,,,,0.5405457019805908,0.6853976249694824
9,5.358051566872746e-06,99,0.5905844569206238,0.5,0.6876174211502075,0.6871029138565063,0.6871029138565063,0.6871029138565063,,
10,,109,,,,,,,0.5429139733314514,0.6839504241943359
10,5.673512532666791e-06,109,0.5916252732276917,0.5,0.68816077709198,0.6875937581062317,0.6875937581062317,0.6875937581062317,,
11,,119,,,,,,,0.5477453470230103,0.6824890971183777
11,6.0212573771423195e-06,119,0.6058264374732971,0.5,0.6854644417762756,0.6851140260696411,0.6851140260696411,0.6851140260696411,,
12,,129,,,,,,,0.5515347123146057,0.6814737915992737
12,6.401047357940115e-06,129,0.6059340834617615,0.5,0.6859650015830994,0.6850494146347046,0.6850494146347046,0.6850494146347046,,
13,,139,,,,,,,0.5543767213821411,0.6799713969230652
13,6.8126159931125585e-06,139,0.6249924898147583,0.5,0.683262288570404,0.6828561425209045,0.6828561425209045,0.6828561425209045,,
14,,149,,,,,,,0.5568397045135498,0.6792345643043518
14,7.255674518091837e-06,149,0.6176825761795044,0.5,0.6834301352500916,0.6832563281059265,0.6832563281059265,0.6832563281059265,,
15,,159,,,,,,,0.5655551552772522,0.6781112551689148
15,7.729918252152856e-06,159,0.6211521625518799,0.5,0.6829326152801514,0.6822933554649353,0.6822933554649353,0.6822933554649353,,
16,,169,,,,,,,0.570386528968811,0.6775336265563965
16,8.235014320234768e-06,169,0.6155650019645691,0.5,0.6835974454879761,0.6824801564216614,0.6824801564216614,0.6824801564216614,,
17,,179,,,,,,,0.5742705464363098,0.676017165184021
17,8.770610293140635e-06,179,0.6285338401794434,0.5,0.6828694939613342,0.6813770532608032,0.6813770532608032,0.6813770532608032,,
18,,189,,,,,,,0.5769230723381042,0.6739568114280701
18,9.336334187537432e-06,189,0.6346473693847656,0.5,0.6817989945411682,0.6803181767463684,0.6803181767463684,0.6803181767463684,,
19,,199,,,,,,,0.5789124369621277,0.6712188124656677
19,9.931789463735186e-06,199,0.6421487331390381,0.5,0.6795081496238708,0.678034245967865,0.678034245967865,0.678034245967865,,
20,,209,,,,,,,0.5787229537963867,0.6700364351272583
20,1.0556563211139292e-05,209,0.6474846005439758,0.5,0.6801974773406982,0.67819744348526,0.67819744348526,0.67819744348526,,
21,,219,,,,,,,0.5785335302352905,0.6680632829666138
21,1.1210221600777004e-05,219,0.6542681455612183,0.5,0.6791228652000427,0.6774229407310486,0.6774229407310486,0.6774229407310486,,
22,,229,,,,,,,0.5844069719314575,0.6668981909751892
22,1.1892304428329226e-05,229,0.6727522611618042,0.5,0.6762657165527344,0.6742389798164368,0.6742389798164368,0.6742389798164368,,
23,,239,,,,,,,0.5898067355155945,0.6648097038269043
23,1.2602339666045737e-05,239,0.6699408292770386,0.5,0.6755064129829407,0.6734954714775085,0.6734954714775085,0.6734954714775085,,
24,,249,,,,,,,0.5946381092071533,0.6619295477867126
24,1.333983163931407e-05,249,0.6841777563095093,0.5,0.6720525026321411,0.6701866984367371,0.6701866984367371,0.6701866984367371,,
25,,259,,,,,,,0.5960590839385986,0.6622264981269836
25,1.4104270121606532e-05,259,0.6836872100830078,0.5,0.6738771200180054,0.6712220311164856,0.6712220311164856,0.6712220311164856,,
26,,269,,,,,,,0.5983327031135559,0.6608997583389282
26,1.4895115782564972e-05,269,0.6874469518661499,0.5,0.672935426235199,0.669482409954071,0.669482409954071,0.669482409954071,,
27,,279,,,,,,,0.6047744750976562,0.6595557332038879
27,1.5711817468400113e-05,279,0.6982592344284058,0.5,0.6695863604545593,0.6668861508369446,0.6668861508369446,0.6668861508369446,,
28,,289,,,,,,,0.615384578704834,0.6568721532821655
28,1.6553813111386262e-05,289,0.6980558633804321,0.5,0.6685023307800293,0.6654573082923889,0.6654573082923889,0.6654573082923889,,
29,,299,,,,,,,0.6145319938659668,0.6559688448905945
29,1.7420510630472563e-05,299,0.7133935689926147,0.5,0.665411114692688,0.6624523401260376,0.6624523401260376,0.6624523401260376,,
30,,309,,,,,,,0.610363781452179,0.6504824161529541
30,1.831130612117704e-05,309,0.7153675556182861,0.5,0.6637357473373413,0.6601276993751526,0.6601276993751526,0.6601276993751526,,
31,,319,,,,,,,0.6079955101013184,0.6455079913139343
31,1.9225581127102487e-05,319,0.7213494777679443,0.5,0.6609212756156921,0.6574599742889404,0.6574599742889404,0.6574599742889404,,
32,,329,,,,,,,0.616047739982605,0.6431808471679688
32,2.0162699001957662e-05,329,0.7207633256912231,0.5,0.6604095697402954,0.6563689112663269,0.6563689112663269,0.6563689112663269,,
33,,339,,,,,,,0.6148162484169006,0.6411939263343811
33,2.112200490955729e-05,339,0.7264820337295532,0.5,0.6578121781349182,0.653586208820343,0.653586208820343,0.653586208820343,,
34,,349,,,,,,,0.6195529103279114,0.6374735236167908
34,2.2102824004832655e-05,349,0.7303822040557861,0.5,0.6547510623931885,0.650611162185669,0.650611162185669,0.650611162185669,,
35,,359,,,,,,,0.622205376625061,0.6322250962257385
35,2.310448144271504e-05,359,0.728384256362915,0.5,0.652953565120697,0.6486580967903137,0.6486580967903137,0.6486580967903137,,
36,,369,,,,,,,0.6170897483825684,0.6302542090415955
36,2.4126278731273487e-05,369,0.7337919473648071,0.5,0.6506074666976929,0.6459373831748962,0.6459373831748962,0.6459373831748962,,
37,,379,,,,,,,0.616237223148346,0.6251963376998901
37,2.516750646464061e-05,379,0.7364718914031982,0.5,0.6494977474212646,0.6445901393890381,0.6445901393890381,0.6445901393890381,,
38,,389,,,,,,,0.6252368688583374,0.6221742630004883
38,2.6227422495139763e-05,389,0.7386133670806885,0.5,0.6462892293930054,0.6410714983940125,0.6410714983940125,0.6410714983940125,,
39,,399,,,,,,,0.6269420385360718,0.6236252784729004
39,2.7305308321956545e-05,399,0.7366154193878174,0.5,0.6452197432518005,0.6392199397087097,0.6392199397087097,0.6392199397087097,,
